Email,Full Name,Joined Date,Member ID,Status,Location
emma.moore1@gmail.com,"Emma Moore",2025-04-08,skool_1_1758549684237,Active,New York
emma.taylor2@outlook.com,"Emma Taylor",2025-05-21,skool_2_1758549684237,Active,Chicago
john.wilson3@outlook.com,"John Wilson",2025-04-19,skool_3_1758549684237,Active,Chicago
chris.davis4@example.org,"Chris Davis",2025-07-21,skool_4_1758549684237,Active,Chicago
john.moore5@outlook.com,"John Moore",2025-07-28,skool_5_1758549684237,Active,Philadelphia
lisa.taylor6@example.org,"Lisa Taylor",2024-10-25,skool_6_1758549684237,Active,San Diego
chris.williams7@example.org,"Chris Williams",2024-10-31,skool_7_1758549684237,Active,Phoenix
emma.jones8@outlook.com,"Emma Jones",2025-03-09,skool_8_1758549684237,Active,Phoenix
mike.davis9@example.org,"Mike Davis",2025-03-02,skool_9_1758549684237,Active,New York
jane.wilson10@gmail.com,"Jane Wilson",2025-07-26,skool_10_1758549684237,Active,San Diego
mike.jones11@company.com,"Mike Jones",2025-09-22,skool_11_1758549684237,Active,San Antonio
amy.williams12@yahoo.com,"Amy Williams",2025-02-24,skool_12_1758549684237,Active,San Antonio
david.wilson13@outlook.com,"David Wilson",2024-12-27,skool_13_1758549684237,Active,Phoenix
mike.davis14@company.com,"Mike Davis",2025-05-09,skool_14_1758549684237,Active,New York
sarah.davis15@outlook.com,"Sarah Davis",2025-08-29,skool_15_1758549684237,Active,Los Angeles
david.johnson16@gmail.com,"David Johnson",2025-07-25,skool_16_1758549684237,Active,Philadelphia
john.wilson17@gmail.com,"John Wilson",2025-04-16,skool_17_1758549684237,Active,San Antonio
alex.johnson18@outlook.com,"Alex Johnson",2025-04-06,skool_18_1758549684237,Active,Houston
jane.jones19@gmail.com,"Jane Jones",2025-03-07,skool_19_1758549684237,Active,San Antonio
amy.johnson20@company.com,"Amy Johnson",2024-12-16,skool_20_1758549684237,Active,San Diego
jane.davis21@gmail.com,"Jane Davis",2025-01-05,skool_21_1758549684237,Active,Los Angeles
chris.johnson22@gmail.com,"Chris Johnson",2025-07-12,skool_22_1758549684237,Active,Houston
amy.wilson23@gmail.com,"Amy Wilson",2024-12-27,skool_23_1758549684237,Active,San Antonio
lisa.johnson24@outlook.com,"Lisa Johnson",2024-10-22,skool_24_1758549684237,Active,Chicago
jane.johnson25@gmail.com,"Jane Johnson",2024-10-06,skool_25_1758549684237,Active,Phoenix
chris.smith26@yahoo.com,"Chris Smith",2025-09-12,skool_26_1758549684237,Active,New York
sarah.moore27@gmail.com,"Sarah Moore",2025-06-17,skool_27_1758549684237,Active,Los Angeles
lisa.moore28@company.com,"Lisa Moore",2025-05-03,skool_28_1758549684237,Active,Phoenix
lisa.davis29@gmail.com,"Lisa Davis",2025-06-04,skool_29_1758549684237,Active,Chicago
alex.davis30@yahoo.com,"Alex Davis",2025-07-12,skool_30_1758549684237,Active,San Diego
lisa.taylor31@yahoo.com,"Lisa Taylor",2024-10-25,skool_31_1758549684237,Active,San Diego
lisa.taylor32@company.com,"Lisa Taylor",2025-05-08,skool_32_1758549684237,Active,Houston
john.taylor33@yahoo.com,"John Taylor",2024-09-23,skool_33_1758549684237,Active,Houston
sarah.moore34@outlook.com,"Sarah Moore",2025-04-15,skool_34_1758549684237,Active,Chicago
david.wilson35@gmail.com,"David Wilson",2025-08-03,skool_35_1758549684237,Active,Philadelphia
amy.wilson36@example.org,"Amy Wilson",2025-04-30,skool_36_1758549684237,Active,Phoenix
jane.smith37@outlook.com,"Jane Smith",2025-07-22,skool_37_1758549684237,Active,Houston
john.taylor38@outlook.com,"John Taylor",2024-11-27,skool_38_1758549684237,Active,New York
amy.brown39@example.org,"Amy Brown",2025-01-07,skool_39_1758549684237,Active,San Antonio
lisa.wilson40@company.com,"Lisa Wilson",2025-03-28,skool_40_1758549684237,Active,Houston
emma.moore41@example.org,"Emma Moore",2025-07-02,skool_41_1758549684237,Active,San Diego
amy.smith42@company.com,"Amy Smith",2025-07-14,skool_42_1758549684237,Active,Philadelphia
emma.miller43@outlook.com,"Emma Miller",2025-05-30,skool_43_1758549684237,Active,New York
emma.williams44@company.com,"Emma Williams",2024-10-03,skool_44_1758549684237,Active,Phoenix
amy.williams45@company.com,"Amy Williams",2025-02-20,skool_45_1758549684237,Active,Chicago
lisa.jones46@yahoo.com,"Lisa Jones",2024-11-14,skool_46_1758549684237,Active,Philadelphia
sarah.smith47@outlook.com,"Sarah Smith",2025-09-05,skool_47_1758549684237,Active,Houston
jane.williams48@outlook.com,"Jane Williams",2025-08-13,skool_48_1758549684237,Active,Houston
david.brown49@example.org,"David Brown",2025-04-14,skool_49_1758549684237,Active,Los Angeles
amy.smith50@example.org,"Amy Smith",2025-03-17,skool_50_1758549684237,Active,Chicago
john.moore51@example.org,"John Moore",2025-07-04,skool_51_1758549684237,Active,San Antonio
lisa.johnson52@gmail.com,"Lisa Johnson",2025-08-23,skool_52_1758549684237,Active,Houston
jane.wilson53@example.org,"Jane Wilson",2024-09-27,skool_53_1758549684237,Active,Philadelphia
alex.moore54@example.org,"Alex Moore",2024-11-09,skool_54_1758549684237,Active,Chicago
john.smith55@company.com,"John Smith",2025-06-28,skool_55_1758549684237,Active,Philadelphia
lisa.johnson56@company.com,"Lisa Johnson",2025-07-16,skool_56_1758549684237,Active,San Antonio
chris.williams57@example.org,"Chris Williams",2025-09-16,skool_57_1758549684237,Active,Houston
sarah.miller58@yahoo.com,"Sarah Miller",2025-07-07,skool_58_1758549684237,Active,Houston
jane.brown59@outlook.com,"Jane Brown",2025-06-16,skool_59_1758549684237,Active,Houston
david.jones60@gmail.com,"David Jones",2025-09-01,skool_60_1758549684237,Active,Phoenix
amy.moore61@company.com,"Amy Moore",2025-01-22,skool_61_1758549684237,Active,Houston
chris.davis62@example.org,"Chris Davis",2024-11-27,skool_62_1758549684237,Active,New York
emma.davis63@outlook.com,"Emma Davis",2024-11-08,skool_63_1758549684237,Active,Phoenix
amy.johnson64@example.org,"Amy Johnson",2025-05-10,skool_64_1758549684237,Active,Phoenix
lisa.moore65@company.com,"Lisa Moore",2024-11-14,skool_65_1758549684237,Active,Chicago
john.miller66@outlook.com,"John Miller",2024-12-31,skool_66_1758549684237,Active,Chicago
john.jones67@gmail.com,"John Jones",2025-01-14,skool_67_1758549684237,Active,New York
john.williams68@outlook.com,"John Williams",2025-06-11,skool_68_1758549684237,Active,Chicago
emma.davis69@gmail.com,"Emma Davis",2025-03-30,skool_69_1758549684237,Active,Houston
mike.jones70@company.com,"Mike Jones",2024-11-12,skool_70_1758549684237,Active,San Diego
jane.wilson71@gmail.com,"Jane Wilson",2025-07-11,skool_71_1758549684237,Active,San Diego
alex.wilson72@example.org,"Alex Wilson",2025-05-04,skool_72_1758549684237,Active,Los Angeles
chris.davis73@outlook.com,"Chris Davis",2025-03-05,skool_73_1758549684237,Active,Chicago
mike.johnson74@company.com,"Mike Johnson",2025-04-14,skool_74_1758549684237,Active,New York
emma.johnson75@company.com,"Emma Johnson",2025-06-29,skool_75_1758549684237,Active,San Diego
mike.johnson76@yahoo.com,"Mike Johnson",2025-04-10,skool_76_1758549684237,Active,Philadelphia
alex.williams77@gmail.com,"Alex Williams",2025-05-10,skool_77_1758549684237,Active,Los Angeles
jane.williams78@outlook.com,"Jane Williams",2025-01-21,skool_78_1758549684237,Active,San Diego
john.johnson79@gmail.com,"John Johnson",2025-04-10,skool_79_1758549684237,Active,New York
emma.brown80@gmail.com,"Emma Brown",2025-07-04,skool_80_1758549684237,Active,Houston
lisa.wilson81@company.com,"Lisa Wilson",2025-02-24,skool_81_1758549684237,Active,San Antonio
david.taylor82@example.org,"David Taylor",2025-07-30,skool_82_1758549684237,Active,New York
john.johnson83@yahoo.com,"John Johnson",2024-12-07,skool_83_1758549684237,Active,New York
amy.johnson84@outlook.com,"Amy Johnson",2025-03-31,skool_84_1758549684237,Active,Los Angeles
david.williams85@yahoo.com,"David Williams",2025-03-24,skool_85_1758549684237,Active,Los Angeles
alex.smith86@yahoo.com,"Alex Smith",2025-02-28,skool_86_1758549684237,Active,San Antonio
emma.davis87@company.com,"Emma Davis",2025-08-24,skool_87_1758549684237,Active,Houston
lisa.taylor88@outlook.com,"Lisa Taylor",2025-01-21,skool_88_1758549684237,Active,Chicago
alex.moore89@outlook.com,"Alex Moore",2024-12-19,skool_89_1758549684237,Active,San Antonio
amy.johnson90@company.com,"Amy Johnson",2025-07-27,skool_90_1758549684237,Active,Los Angeles
amy.williams91@yahoo.com,"Amy Williams",2025-08-31,skool_91_1758549684237,Active,New York
jane.taylor92@example.org,"Jane Taylor",2024-10-24,skool_92_1758549684237,Active,Chicago
jane.miller93@example.org,"Jane Miller",2025-07-20,skool_93_1758549684237,Active,Los Angeles
sarah.miller94@yahoo.com,"Sarah Miller",2024-12-11,skool_94_1758549684237,Active,Los Angeles
jane.moore95@example.org,"Jane Moore",2025-08-13,skool_95_1758549684237,Active,Houston
jane.moore96@yahoo.com,"Jane Moore",2024-11-17,skool_96_1758549684237,Active,San Antonio
david.jones97@company.com,"David Jones",2025-02-02,skool_97_1758549684237,Active,San Diego
jane.wilson98@example.org,"Jane Wilson",2025-01-30,skool_98_1758549684237,Active,Philadelphia
amy.smith99@yahoo.com,"Amy Smith",2025-05-11,skool_99_1758549684237,Active,New York
john.williams100@outlook.com,"John Williams",2025-08-10,skool_100_1758549684237,Active,San Antonio